,h3id_9,y - y_estimated
0,892830813b7ffff,-1.7740063550033156
1,89283098197ffff,-4.855537061485067
2,89283099cb7ffff,-3.8375316686131797
3,89283081197ffff,32.739181619105246
4,89283081547ffff,-7.668940204351253
5,89283081577ffff,39.781857560467145
6,892830811d3ffff,-3.8174719917073423
7,89283098107ffff,1.0467717596993573
8,8928309810fffff,25.923393008537108
9,8928309836bffff,-2.164473034697421
10,89283099c87ffff,-3.0893353002867165
11,89283081097ffff,-5.134314942308449
12,8928308110bffff,2.59099991911844
13,89283081143ffff,-2.0545972815825344
14,8928308114fffff,-6.766797191560735
15,8928308117bffff,-6.238395636687508
16,8928309833bffff,-6.568876140574739
17,89283098397ffff,-7.154635255301223
18,892830983bbffff,-9.60586021804335
19,89283099d93ffff,-1.1567697300800255
20,8928308119bffff,-1.8111712558069133
21,89283098143ffff,2.2273925420804277
22,8928309816fffff,-1.4562762540538472
23,89283098327ffff,-5.153611650967822
24,89283098347ffff,-2.75380268647307
25,892830983abffff,-8.310943541548598
26,89283098e13ffff,1.2003586108315503
27,89283098ecfffff,-6.420101421702595
28,89283081233ffff,15.618462545377469
29,89283081393ffff,-2.9623588742340816
30,892830813bbffff,-0.6574425696123303
31,892830813dbffff,0.7954412360420307
32,89283081037ffff,-5.844896747369569
33,89283081053ffff,-3.5295755362134384
34,892830811cfffff,-3.7161484647325382
35,8928308130fffff,-6.117685728471567
36,892830813d3ffff,0.7808287509429013
37,8928309834bffff,-1.8298370670571504
38,89283098353ffff,-2.32196469392857
39,89283098373ffff,-3.6677643755069145
40,89283098e5bffff,-9.860059195795973
41,89283098ecbffff,-3.6757707502045442
42,89283099c07ffff,-5.267567037220012
43,89283099dcbffff,-9.209088422178995
44,8928308100bffff,7.369590266183343
45,8928308103bffff,-6.266770407079467
46,8928308104fffff,-1.074957978782674
47,89283081183ffff,-1.1269710071503045
48,89283081357ffff,-1.5151872186052682
49,8928308138bffff,-10.9908851160809
50,892830981c3ffff,0.5714746620471232
51,8928309837bffff,-1.49476113918944
52,89283099c83ffff,24.363247682414368
53,89283099c93ffff,13.84941951702173
54,89283099d17ffff,3.1869442694095564
55,89283081033ffff,-4.200045743420118
56,89283081077ffff,7.7584965305555755
57,892830810cfffff,-8.315357544012432
58,89283081383ffff,-3.8123708906771663
59,8928308156bffff,-0.5430894816220597
60,89283098027ffff,-9.611821842999436
61,892830981bbffff,-1.4057318761031592
62,89283098e1bffff,-2.0636355983655106
63,89283081003ffff,-1.4505253631810398
64,892830810afffff,1.1187290637142988
65,89283081173ffff,6.441216398523071
66,892830811bbffff,16.40463374943681
67,892830813a3ffff,6.911588592702481
68,8928309812bffff,59.24702876650336
69,892830981d7ffff,-1.3894610139406076
70,89283098237ffff,0.43010576197770334
71,8928309832fffff,-0.34601457025389415
72,892830983b3ffff,-9.600741912324846
73,89283099d0bffff,-6.715958468184501
74,8928308100fffff,-3.266530050085219
75,8928308142fffff,-5.619150334028993
76,89283081567ffff,-1.7596316266000525
77,8928308157bffff,5.089928351970794
78,89283098157ffff,-6.39209710621787
79,89283098173ffff,-0.026673656220445707
80,89283098313ffff,1.356415430717285
81,89283098563ffff,-1.1538015952978782
82,89283099c2fffff,-1.6090663492763255
83,89283099d1bffff,-6.737865060574634
84,89283081063ffff,-0.5792662760412597
85,89283081193ffff,2.318175082866265
86,892830811c3ffff,-2.2621182322307645
87,892830813afffff,3.7643375242296955
88,89283081463ffff,-7.15505597731071
89,8928308154fffff,-3.9946247753784796
90,8928309810bffff,42.64572674499511
91,892830981d3ffff,-9.695897857973717
92,89283099d97ffff,-13.54175002328023
93,89283081013ffff,10.84860047075253
94,89283081047ffff,-1.8135537042996788
95,8928308109bffff,8.598382657998068
96,8928308118fffff,-2.513201098571529
97,892830811d7ffff,-4.673976970399879
98,89283081303ffff,1.5380870107494156
99,89283081edbffff,-1.3853518971611978
100,8928309818fffff,-3.9145427374949158
101,8928309830bffff,-8.654491632553846
102,89283099897ffff,22.42643522491174
103,89283099c33ffff,-7.274893926059095
104,89283099ca3ffff,-6.134457668130944
105,89283099dcfffff,-6.638589083102616
106,892830810a7ffff,-1.5673071820265463
107,892830810abffff,2.279941510846614
108,89283081217ffff,16.991227348705706
109,89283081397ffff,-16.552862536886764
110,89283098307ffff,-3.228741005682166
111,89283098323ffff,-2.777814534653908
112,8928309838bffff,-6.227847711103337
113,892830983d7ffff,-1.5127976268311425
114,89283098567ffff,1.78068983333727
115,8928309856fffff,-4.528998583514859
116,89283099c13ffff,26.327820069720985
117,89283081017ffff,-5.08698723781467
118,89283081043ffff,1.6637538948386243
119,89283081073ffff,1.1646644294095143
120,892830810d3ffff,0.2784625540160093
121,892830812b7ffff,-7.971091142847839
122,8928308154bffff,-5.521665272345897
123,8928309813bffff,0.4693130912006662
124,892830981c7ffff,0.4404460815761819
125,8928309822bffff,-5.607621886788221
126,89283098303ffff,-6.011959203260223
127,89283098377ffff,-12.348949398339546
128,89283098ed7ffff,6.447225500548859
129,89283099c8fffff,13.969413305798666
130,892830810b7ffff,21.347029714364034
131,8928308138fffff,3.0639462886127093
132,892830813c7ffff,2.7999296888312504
133,89283098147ffff,-4.351927499550584
134,8928309815bffff,-4.254272382528087
135,8928309836fffff,-5.143132368022425
136,89283099d8bffff,-7.120443691648348
137,89283099d8fffff,-1.4532169453602908
138,89283081087ffff,3.9816856311498245
139,8928308114bffff,-4.085060655420515
140,89283081157ffff,-0.4905250316458396
141,892830811cbffff,-3.8525675056366557
142,89283081317ffff,4.248470097408914
143,89283081387ffff,-9.725701387774338
144,89283081467ffff,-4.1689122183052785
145,8928309816bffff,-2.9694607036133913
146,8928309819bffff,-0.16876242197084323
147,89283098317ffff,-7.2309440680486
148,89283099d13ffff,-10.628843642112413
149,89283099d87ffff,-10.999254844632212
150,89283099db3ffff,1.3969120449094667
151,89283081027ffff,-0.6627124161814715
152,8928308102fffff,-8.646457142076748
153,8928308106fffff,-4.027304266238337
154,892830812a3ffff,-8.324644844331532
155,89283098167ffff,2.5302819740769955
156,8928309831bffff,-5.933092768209949
157,89283099d03ffff,2.25931891599979
158,89283099d4fffff,25.650612502538223
159,8928308106bffff,-5.935655637976398
160,892830810dbffff,-9.215732392971118
161,89283081117ffff,13.801935767734197
162,8928308118bffff,-3.245511639421716
163,892830812b3ffff,-4.359121491675646
164,89283081563ffff,7.411646550538695
165,89283098117ffff,1.6716128737936788
166,89283098ed3ffff,1.6727174576263728
167,89283099dbbffff,1.2357990779185357
168,8928308101bffff,-12.06043681941358
169,89283081067ffff,-2.6701827213019946
170,892830810c3ffff,-0.21315916609078922
171,89283081103ffff,5.060707907940905
172,8928308110fffff,-9.571301834557222
173,8928308116bffff,7.813826849966063
174,89283081187ffff,30.974881794512577
175,89283081333ffff,4.264911160911151
176,89283098393ffff,0.8007309806137517
177,89283099c03ffff,13.49209760173951
178,89283081007ffff,1.8673549509872451
179,8928308115bffff,-7.129907775152087
180,892830812a7ffff,-1.1193049820148486
181,8928308131bffff,-6.106661303877731
182,892830813abffff,1.6134830377159481
183,892830813b3ffff,-9.64702954491616
184,8928308155bffff,-2.341774788179741
185,8928309811bffff,-4.6375826696488485
186,89283098387ffff,-1.1024334242790141
187,89283099c27ffff,-9.547521185308371
188,89283099c3bffff,22.35217050006282
189,89283099dc3ffff,-3.7618414489431906
190,89283099dd7ffff,-4.392852950495197
191,8928308107bffff,0.22766731752895808
192,892830812abffff,-0.26827522568359186
193,892830813cfffff,2.7867740280460875
194,89283098103ffff,-3.1703067461227876
195,89283098183ffff,-2.2887041766922263
196,89283098333ffff,-9.92701709054335
197,89283098e9bffff,2.045942598973104
198,89283098edbffff,-2.949785118621185
199,89283099d43ffff,-8.466679270470154
200,89283099d53ffff,-9.592913469745021
201,89283099d83ffff,-9.899318110917918
202,8928308102bffff,-3.9687231430838015
203,8928308108bffff,-2.9946691404814914
204,89283081153ffff,-6.753472314772351
205,892830811c7ffff,1.358637859857839
206,892830812afffff,-2.5344940421356306
207,8928308139bffff,-10.485190276266685
208,89283098113ffff,-2.1285780304314397
209,89283098187ffff,-2.8486733827567576
210,892830981cfffff,11.684163256085895
211,892830983b7ffff,0.3380127212692461
212,892830983c3ffff,-8.090585669196521
213,89283099d47ffff,-5.57510185844423
214,89283099d57ffff,-9.721306882343882
215,89283081093ffff,5.989576571879862
216,89283081147ffff,-6.365349352570443
217,89283098037ffff,-5.325323468385067
218,8928309814bffff,-3.9207306686506698
219,89283098357ffff,-5.345265527793838
220,8928309835bffff,-5.9699918469051205
221,8928309839bffff,-6.536409030073777
222,89283098e57ffff,-3.9536281229199837
223,89283099c37ffff,-7.839994706153278
224,89283099ca7ffff,-6.555896901365783
225,89283099d5bffff,-5.058667321325354
226,8928308108fffff,1.1409070348510806
227,89283081313ffff,3.877666760819171
228,8928308146bffff,13.638401725258223
229,8928308146fffff,13.400220291250166
230,89283081ed3ffff,-8.446616251536236
231,8928309802fffff,-3.845082219110415
232,89283098337ffff,-5.4277434339473025
233,89283098e4bffff,-8.134523717189431
234,89283099cafffff,-4.984305167171088
235,89283099d9bffff,2.702042162467535
236,89283099dd3ffff,0.9433290136032739
237,892830810b3ffff,9.779832688878638
238,892830810c7ffff,1.1690278179530917
239,892830810cbffff,-6.282260841590807
240,892830810d7ffff,7.012439616283702
241,89283081237ffff,27.74501869311444
242,8928308130bffff,-6.701906516092226
243,8928309814fffff,-8.654635326301221
244,89283098227ffff,-6.091063765026444
245,8928309838fffff,-8.85746444392631
246,892830983a3ffff,-5.654204102059095
247,89283098e43ffff,0.7877733767309287
248,89283098e4fffff,-3.005818015035965
249,89283099ddbffff,-6.396173281548901
250,89283081057ffff,-3.278709866327988
251,892830811dbffff,-0.242074442593192
252,892830812bbffff,-6.252031521355888
253,892830813a7ffff,-0.6416615291122447
254,892830813c3ffff,7.357173327561005
255,8928308152bffff,44.065092712867425
256,89283098177ffff,20.650216904673112
257,89283098367ffff,-9.288299257879498
258,892830983cbffff,-5.565754109323758
259,89283098e8bffff,3.2569855837493122
260,892830810a3ffff,-0.1916927543947935
261,8928308111bffff,-4.906550725150375
262,892830813d7ffff,-1.1937646490569582
263,89283098163ffff,-0.7073080556147548
264,89283098223ffff,-4.560835118181552
265,89283098343ffff,1.8499748752873693
266,89283098363ffff,-3.2189767573179844
267,89283099c97ffff,-7.884859819396739
268,89283081083ffff,14.029569414929442
269,8928308152fffff,48.2443963994381
270,8928308156fffff,0.8810997378132459
271,892830981cbffff,-6.814738094012101
272,8928309832bffff,-7.194087622969605
273,89283098383ffff,-7.040142028548597
274,89283099d73ffff,1.964773442785873
275,89283099dc7ffff,-4.310935507961236
276,89283081023ffff,-3.9407357472019653
277,892830810bbffff,-0.5386669104247925
278,89283081113ffff,-1.4057601046794543
279,89283081307ffff,0.5982443118381937
280,89283081477ffff,-5.280782866589282
281,89283098153ffff,-2.640722403990604
282,892830981dbffff,71.37151603382945
283,8928309830fffff,-3.0740851005634884
284,8928309834fffff,-5.786367502339655
285,892830983c7ffff,-2.826252551449013
286,8928309856bffff,-8.098263002831645
287,89283098ec3ffff,-0.7810489804480509
288,89283099c23ffff,-4.380726728946907
289,89283099d4bffff,22.606789847441206
290,89283099d7bffff,2.90551830240339
